Scenario,ID1,ID2,ID3,ID4,ID5,Eta1Name,Eta2Name,Eta1,Eta2
WorkFlow,,,,,1,nKa,nV,-0.0157141435709664,0.271225148502213
WorkFlow,,,,,1,nKa,nCl,-0.0157141435709664,-0.18110764846976
WorkFlow,,,,,1,nV,nKa,0.271225148502213,-0.0157141435709664
WorkFlow,,,,,1,nV,nCl,0.271225148502213,-0.18110764846976
WorkFlow,,,,,1,nCl,nKa,-0.18110764846976,-0.0157141435709664
WorkFlow,,,,,1,nCl,nV,-0.18110764846976,0.271225148502213
WorkFlow,,,,,2,nKa,nV,0.124037938634378,-0.436680460257793
WorkFlow,,,,,2,nKa,nCl,0.124037938634378,-0.513989199369795
WorkFlow,,,,,2,nV,nKa,-0.436680460257793,0.124037938634378
WorkFlow,,,,,2,nV,nCl,-0.436680460257793,-0.513989199369795
WorkFlow,,,,,2,nCl,nKa,-0.513989199369795,0.124037938634378
WorkFlow,,,,,2,nCl,nV,-0.513989199369795,-0.436680460257793
WorkFlow,,,,,3,nKa,nV,-0.000737552294617688,-0.127302525215611
WorkFlow,,,,,3,nKa,nCl,-0.000737552294617688,0.309092232571048
WorkFlow,,,,,3,nV,nKa,-0.127302525215611,-0.000737552294617688
WorkFlow,,,,,3,nV,nCl,-0.127302525215611,0.309092232571048
WorkFlow,,,,,3,nCl,nKa,0.309092232571048,-0.000737552294617688
WorkFlow,,,,,3,nCl,nV,0.309092232571048,-0.127302525215611
WorkFlow,,,,,4,nKa,nV,0.0715860092482471,-0.466821540461326
WorkFlow,,,,,4,nKa,nCl,0.0715860092482471,-0.451998848117136
WorkFlow,,,,,4,nV,nKa,-0.466821540461326,0.0715860092482471
WorkFlow,,,,,4,nV,nCl,-0.466821540461326,-0.451998848117136
WorkFlow,,,,,4,nCl,nKa,-0.451998848117136,0.0715860092482471
WorkFlow,,,,,4,nCl,nV,-0.451998848117136,-0.466821540461326
WorkFlow,,,,,5,nKa,nV,0.0163546414326765,-0.09813290178862
WorkFlow,,,,,5,nKa,nCl,0.0163546414326765,0.102533678441905
WorkFlow,,,,,5,nV,nKa,-0.09813290178862,0.0163546414326765
WorkFlow,,,,,5,nV,nCl,-0.09813290178862,0.102533678441905
WorkFlow,,,,,5,nCl,nKa,0.102533678441905,0.0163546414326765
WorkFlow,,,,,5,nCl,nV,0.102533678441905,-0.09813290178862
WorkFlow,,,,,6,nKa,nV,-0.0542310346227963,0.552273240013767
WorkFlow,,,,,6,nKa,nCl,-0.0542310346227963,0.394974141972168
WorkFlow,,,,,6,nV,nKa,0.552273240013767,-0.0542310346227963
WorkFlow,,,,,6,nV,nCl,0.552273240013767,0.394974141972168
WorkFlow,,,,,6,nCl,nKa,0.394974141972168,-0.0542310346227963
WorkFlow,,,,,6,nCl,nV,0.394974141972168,0.552273240013767
WorkFlow,,,,,7,nKa,nV,-0.0702153239001564,-0.184863704021252
WorkFlow,,,,,7,nKa,nCl,-0.0702153239001564,-0.247953783162095
WorkFlow,,,,,7,nV,nKa,-0.184863704021252,-0.0702153239001564
WorkFlow,,,,,7,nV,nCl,-0.184863704021252,-0.247953783162095
WorkFlow,,,,,7,nCl,nKa,-0.247953783162095,-0.0702153239001564
WorkFlow,,,,,7,nCl,nV,-0.247953783162095,-0.184863704021252
WorkFlow,,,,,8,nKa,nV,-0.0255361830682127,0.132763985587986
WorkFlow,,,,,8,nKa,nCl,-0.0255361830682127,-0.186692308902963
WorkFlow,,,,,8,nV,nKa,0.132763985587986,-0.0255361830682127
WorkFlow,,,,,8,nV,nCl,0.132763985587986,-0.186692308902963
WorkFlow,,,,,8,nCl,nKa,-0.186692308902963,-0.0255361830682127
WorkFlow,,,,,8,nCl,nV,-0.186692308902963,0.132763985587986
WorkFlow,,,,,9,nKa,nV,-0.0868219260185375,0.226700597219726
WorkFlow,,,,,9,nKa,nCl,-0.0868219260185375,-0.143450273324407
WorkFlow,,,,,9,nV,nKa,0.226700597219726,-0.0868219260185375
WorkFlow,,,,,9,nV,nCl,0.226700597219726,-0.143450273324407
WorkFlow,,,,,9,nCl,nKa,-0.143450273324407,-0.0868219260185375
WorkFlow,,,,,9,nCl,nV,-0.143450273324407,0.226700597219726
WorkFlow,,,,,10,nKa,nV,-0.0380901529271673,0.424425777759372
WorkFlow,,,,,10,nKa,nCl,-0.0380901529271673,0.623500326630808
WorkFlow,,,,,10,nV,nKa,0.424425777759372,-0.0380901529271673
WorkFlow,,,,,10,nV,nCl,0.424425777759372,0.623500326630808
WorkFlow,,,,,10,nCl,nKa,0.623500326630808,-0.0380901529271673
WorkFlow,,,,,10,nCl,nV,0.623500326630808,0.424425777759372
WorkFlow,,,,,11,nKa,nV,-0.0913028270924995,-0.0666485574047283
WorkFlow,,,,,11,nKa,nCl,-0.0913028270924995,-0.279022193044292
WorkFlow,,,,,11,nV,nKa,-0.0666485574047283,-0.0913028270924995
WorkFlow,,,,,11,nV,nCl,-0.0666485574047283,-0.279022193044292
WorkFlow,,,,,11,nCl,nKa,-0.279022193044292,-0.0913028270924995
WorkFlow,,,,,11,nCl,nV,-0.279022193044292,-0.0666485574047283
WorkFlow,,,,,12,nKa,nV,-0.0601728372546544,-0.384738996860849
WorkFlow,,,,,12,nKa,nCl,-0.0601728372546544,-0.206267571636276
WorkFlow,,,,,12,nV,nKa,-0.384738996860849,-0.0601728372546544
WorkFlow,,,,,12,nV,nCl,-0.384738996860849,-0.206267571636276
WorkFlow,,,,,12,nCl,nKa,-0.206267571636276,-0.0601728372546544
WorkFlow,,,,,12,nCl,nV,-0.206267571636276,-0.384738996860849
WorkFlow,,,,,13,nKa,nV,0.142609292626852,-0.0339215810562496
WorkFlow,,,,,13,nKa,nCl,0.142609292626852,0.174047925520814
WorkFlow,,,,,13,nV,nKa,-0.0339215810562496,0.142609292626852
WorkFlow,,,,,13,nV,nCl,-0.0339215810562496,0.174047925520814
WorkFlow,,,,,13,nCl,nKa,0.174047925520814,0.142609292626852
WorkFlow,,,,,13,nCl,nV,0.174047925520814,-0.0339215810562496
WorkFlow,,,,,14,nKa,nV,-0.0915740488669788,-0.108186001759412
WorkFlow,,,,,14,nKa,nCl,-0.0915740488669788,-0.828520292930674
WorkFlow,,,,,14,nV,nKa,-0.108186001759412,-0.0915740488669788
WorkFlow,,,,,14,nV,nCl,-0.108186001759412,-0.828520292930674
WorkFlow,,,,,14,nCl,nKa,-0.828520292930674,-0.0915740488669788
WorkFlow,,,,,14,nCl,nV,-0.828520292930674,-0.108186001759412
WorkFlow,,,,,15,nKa,nV,-0.143335680628453,-0.375147286231799
WorkFlow,,,,,15,nKa,nCl,-0.143335680628453,-0.817389333267522
WorkFlow,,,,,15,nV,nKa,-0.375147286231799,-0.143335680628453
WorkFlow,,,,,15,nV,nCl,-0.375147286231799,-0.817389333267522
WorkFlow,,,,,15,nCl,nKa,-0.817389333267522,-0.143335680628453
WorkFlow,,,,,15,nCl,nV,-0.817389333267522,-0.375147286231799
WorkFlow,,,,,16,nKa,nV,0.298907541845751,-0.885154356284612
WorkFlow,,,,,16,nKa,nCl,0.298907541845751,-0.109144957130679
WorkFlow,,,,,16,nV,nKa,-0.885154356284612,0.298907541845751
WorkFlow,,,,,16,nV,nCl,-0.885154356284612,-0.109144957130679
WorkFlow,,,,,16,nCl,nKa,-0.109144957130679,0.298907541845751
WorkFlow,,,,,16,nCl,nV,-0.109144957130679,-0.885154356284612
WorkFlow,,,,,17,nKa,nV,0.202109028556393,-0.228987329343694
WorkFlow,,,,,17,nKa,nCl,0.202109028556393,0.533889561583058
WorkFlow,,,,,17,nV,nKa,-0.228987329343694,0.202109028556393
WorkFlow,,,,,17,nV,nCl,-0.228987329343694,0.533889561583058
WorkFlow,,,,,17,nCl,nKa,0.533889561583058,0.202109028556393
WorkFlow,,,,,17,nCl,nV,0.533889561583058,-0.228987329343694
WorkFlow,,,,,18,nKa,nV,0.155339384645345,-0.402494652251196
WorkFlow,,,,,18,nKa,nCl,0.155339384645345,-0.539663584310273
WorkFlow,,,,,18,nV,nKa,-0.402494652251196,0.155339384645345
WorkFlow,,,,,18,nV,nCl,-0.402494652251196,-0.539663584310273
WorkFlow,,,,,18,nCl,nKa,-0.539663584310273,0.155339384645345
WorkFlow,,,,,18,nCl,nV,-0.539663584310273,-0.402494652251196
WorkFlow,,,,,19,nKa,nV,-0.0297087054450407,0.390550274323455
WorkFlow,,,,,19,nKa,nCl,-0.0297087054450407,0.364299532203699
WorkFlow,,,,,19,nV,nKa,0.390550274323455,-0.0297087054450407
WorkFlow,,,,,19,nV,nCl,0.390550274323455,0.364299532203699
WorkFlow,,,,,19,nCl,nKa,0.364299532203699,-0.0297087054450407
WorkFlow,,,,,19,nCl,nV,0.364299532203699,0.390550274323455
WorkFlow,,,,,20,nKa,nV,0.188196624766848,-0.536177975617436
WorkFlow,,,,,20,nKa,nCl,0.188196624766848,-0.819518269120143
WorkFlow,,,,,20,nV,nKa,-0.536177975617436,0.188196624766848
WorkFlow,,,,,20,nV,nCl,-0.536177975617436,-0.819518269120143
WorkFlow,,,,,20,nCl,nKa,-0.819518269120143,0.188196624766848
WorkFlow,,,,,20,nCl,nV,-0.819518269120143,-0.536177975617436
WorkFlow,,,,,21,nKa,nV,-0.106705755889855,0.227107828867406
WorkFlow,,,,,21,nKa,nCl,-0.106705755889855,-0.397703581509356
WorkFlow,,,,,21,nV,nKa,0.227107828867406,-0.106705755889855
WorkFlow,,,,,21,nV,nCl,0.227107828867406,-0.397703581509356
WorkFlow,,,,,21,nCl,nKa,-0.397703581509356,-0.106705755889855
WorkFlow,,,,,21,nCl,nV,-0.397703581509356,0.227107828867406
WorkFlow,,,,,22,nKa,nV,0.0977671441778228,-0.156558609435516
WorkFlow,,,,,22,nKa,nCl,0.0977671441778228,0.67121913886058
WorkFlow,,,,,22,nV,nKa,-0.156558609435516,0.0977671441778228
WorkFlow,,,,,22,nV,nCl,-0.156558609435516,0.67121913886058
WorkFlow,,,,,22,nCl,nKa,0.67121913886058,0.0977671441778228
WorkFlow,,,,,22,nCl,nV,0.67121913886058,-0.156558609435516
WorkFlow,,,,,23,nKa,nV,-0.0286411166632315,0.238444128919365
WorkFlow,,,,,23,nKa,nCl,-0.0286411166632315,0.28886263600191
WorkFlow,,,,,23,nV,nKa,0.238444128919365,-0.0286411166632315
WorkFlow,,,,,23,nV,nCl,0.238444128919365,0.28886263600191
WorkFlow,,,,,23,nCl,nKa,0.28886263600191,-0.0286411166632315
WorkFlow,,,,,23,nCl,nV,0.28886263600191,0.238444128919365
WorkFlow,,,,,24,nKa,nV,0.000590803253256622,-0.249838196474872
WorkFlow,,,,,24,nKa,nCl,0.000590803253256622,-0.29567728077647
WorkFlow,,,,,24,nV,nKa,-0.249838196474872,0.000590803253256622
WorkFlow,,,,,24,nV,nCl,-0.249838196474872,-0.29567728077647
WorkFlow,,,,,24,nCl,nKa,-0.29567728077647,0.000590803253256622
WorkFlow,,,,,24,nCl,nV,-0.29567728077647,-0.249838196474872
WorkFlow,,,,,25,nKa,nV,-0.110601437954514,-0.665679468308174
WorkFlow,,,,,25,nKa,nCl,-0.110601437954514,-0.649461321464468
WorkFlow,,,,,25,nV,nKa,-0.665679468308174,-0.110601437954514
WorkFlow,,,,,25,nV,nCl,-0.665679468308174,-0.649461321464468
WorkFlow,,,,,25,nCl,nKa,-0.649461321464468,-0.110601437954514
WorkFlow,,,,,25,nCl,nV,-0.649461321464468,-0.665679468308174
WorkFlow,,,,,26,nKa,nV,0.138217374399967,-0.534991652170656
WorkFlow,,,,,26,nKa,nCl,0.138217374399967,-0.346256304010007
WorkFlow,,,,,26,nV,nKa,-0.534991652170656,0.138217374399967
WorkFlow,,,,,26,nV,nCl,-0.534991652170656,-0.346256304010007
WorkFlow,,,,,26,nCl,nKa,-0.346256304010007,0.138217374399967
WorkFlow,,,,,26,nCl,nV,-0.346256304010007,-0.534991652170656
WorkFlow,,,,,27,nKa,nV,-0.0397728869794396,-0.619820806762236
WorkFlow,,,,,27,nKa,nCl,-0.0397728869794396,-0.631903212267176
WorkFlow,,,,,27,nV,nKa,-0.619820806762236,-0.0397728869794396
WorkFlow,,,,,27,nV,nCl,-0.619820806762236,-0.631903212267176
WorkFlow,,,,,27,nCl,nKa,-0.631903212267176,-0.0397728869794396
WorkFlow,,,,,27,nCl,nV,-0.631903212267176,-0.619820806762236
WorkFlow,,,,,28,nKa,nV,-0.0226099813951382,-0.482605558748559
WorkFlow,,,,,28,nKa,nCl,-0.0226099813951382,-0.0107801734724167
WorkFlow,,,,,28,nV,nKa,-0.482605558748559,-0.0226099813951382
WorkFlow,,,,,28,nV,nCl,-0.482605558748559,-0.0107801734724167
WorkFlow,,,,,28,nCl,nKa,-0.0107801734724167,-0.0226099813951382
WorkFlow,,,,,28,nCl,nV,-0.0107801734724167,-0.482605558748559
WorkFlow,,,,,29,nKa,nV,-0.0292680761375308,0.241061423789333
WorkFlow,,,,,29,nKa,nCl,-0.0292680761375308,0.419485706764464
WorkFlow,,,,,29,nV,nKa,0.241061423789333,-0.0292680761375308
WorkFlow,,,,,29,nV,nCl,0.241061423789333,0.419485706764464
WorkFlow,,,,,29,nCl,nKa,0.419485706764464,-0.0292680761375308
WorkFlow,,,,,29,nCl,nV,0.419485706764464,0.241061423789333
WorkFlow,,,,,30,nKa,nV,-0.115187695635246,-0.162638355695321
WorkFlow,,,,,30,nKa,nCl,-0.115187695635246,-0.534465027051836
WorkFlow,,,,,30,nV,nKa,-0.162638355695321,-0.115187695635246
WorkFlow,,,,,30,nV,nCl,-0.162638355695321,-0.534465027051836
WorkFlow,,,,,30,nCl,nKa,-0.534465027051836,-0.115187695635246
WorkFlow,,,,,30,nCl,nV,-0.534465027051836,-0.162638355695321
WorkFlow,,,,,31,nKa,nV,-0.0551739676001277,0.144315401307071
WorkFlow,,,,,31,nKa,nCl,-0.0551739676001277,-0.0719812913083252
WorkFlow,,,,,31,nV,nKa,0.144315401307071,-0.0551739676001277
WorkFlow,,,,,31,nV,nCl,0.144315401307071,-0.0719812913083252
WorkFlow,,,,,31,nCl,nKa,-0.0719812913083252,-0.0551739676001277
WorkFlow,,,,,31,nCl,nV,-0.0719812913083252,0.144315401307071
WorkFlow,,,,,32,nKa,nV,0.0968970466537609,-0.0224618074441312
WorkFlow,,,,,32,nKa,nCl,0.0968970466537609,0.0797592095720963
WorkFlow,,,,,32,nV,nKa,-0.0224618074441312,0.0968970466537609
WorkFlow,,,,,32,nV,nCl,-0.0224618074441312,0.0797592095720963
WorkFlow,,,,,32,nCl,nKa,0.0797592095720963,0.0968970466537609
WorkFlow,,,,,32,nCl,nV,0.0797592095720963,-0.0224618074441312
WorkFlow,,,,,33,nKa,nV,0.0337598244157013,-0.0329542891305473
WorkFlow,,,,,33,nKa,nCl,0.0337598244157013,0.269212295183954
WorkFlow,,,,,33,nV,nKa,-0.0329542891305473,0.0337598244157013
WorkFlow,,,,,33,nV,nCl,-0.0329542891305473,0.269212295183954
WorkFlow,,,,,33,nCl,nKa,0.269212295183954,0.0337598244157013
WorkFlow,,,,,33,nCl,nV,0.269212295183954,-0.0329542891305473
WorkFlow,,,,,34,nKa,nV,0.0113080349792151,-0.268853351886578
WorkFlow,,,,,34,nKa,nCl,0.0113080349792151,-0.0632454367218195
WorkFlow,,,,,34,nV,nKa,-0.268853351886578,0.0113080349792151
WorkFlow,,,,,34,nV,nCl,-0.268853351886578,-0.0632454367218195
WorkFlow,,,,,34,nCl,nKa,-0.0632454367218195,0.0113080349792151
WorkFlow,,,,,34,nCl,nV,-0.0632454367218195,-0.268853351886578
WorkFlow,,,,,35,nKa,nV,0.0650567706715861,-0.521387598285021
WorkFlow,,,,,35,nKa,nCl,0.0650567706715861,0.304153087396226
WorkFlow,,,,,35,nV,nKa,-0.521387598285021,0.0650567706715861
WorkFlow,,,,,35,nV,nCl,-0.521387598285021,0.304153087396226
WorkFlow,,,,,35,nCl,nKa,0.304153087396226,0.0650567706715861
WorkFlow,,,,,35,nCl,nV,0.304153087396226,-0.521387598285021
WorkFlow,,,,,36,nKa,nV,-0.0236995625653616,-0.907525569417191
WorkFlow,,,,,36,nKa,nCl,-0.0236995625653616,-1.1858843717292
WorkFlow,,,,,36,nV,nKa,-0.907525569417191,-0.0236995625653616
WorkFlow,,,,,36,nV,nCl,-0.907525569417191,-1.1858843717292
WorkFlow,,,,,36,nCl,nKa,-1.1858843717292,-0.0236995625653616
WorkFlow,,,,,36,nCl,nV,-1.1858843717292,-0.907525569417191
WorkFlow,,,,,37,nKa,nV,-0.0580733715357216,-0.0742668840825044
WorkFlow,,,,,37,nKa,nCl,-0.0580733715357216,-0.208223732066862
WorkFlow,,,,,37,nV,nKa,-0.0742668840825044,-0.0580733715357216
WorkFlow,,,,,37,nV,nCl,-0.0742668840825044,-0.208223732066862
WorkFlow,,,,,37,nCl,nKa,-0.208223732066862,-0.0580733715357216
WorkFlow,,,,,37,nCl,nV,-0.208223732066862,-0.0742668840825044
WorkFlow,,,,,38,nKa,nV,-0.0412770613145212,-0.0382435453779392
WorkFlow,,,,,38,nKa,nCl,-0.0412770613145212,-0.205930098257756
WorkFlow,,,,,38,nV,nKa,-0.0382435453779392,-0.0412770613145212
WorkFlow,,,,,38,nV,nCl,-0.0382435453779392,-0.205930098257756
WorkFlow,,,,,38,nCl,nKa,-0.205930098257756,-0.0412770613145212
WorkFlow,,,,,38,nCl,nV,-0.205930098257756,-0.0382435453779392
WorkFlow,,,,,39,nKa,nV,-0.110318411007928,0.116080467714556
WorkFlow,,,,,39,nKa,nCl,-0.110318411007928,-0.0485038683819174
WorkFlow,,,,,39,nV,nKa,0.116080467714556,-0.110318411007928
WorkFlow,,,,,39,nV,nCl,0.116080467714556,-0.0485038683819174
WorkFlow,,,,,39,nCl,nKa,-0.0485038683819174,-0.110318411007928
WorkFlow,,,,,39,nCl,nV,-0.0485038683819174,0.116080467714556
WorkFlow,,,,,40,nKa,nV,-0.0318088558863176,0.0290037763037521
WorkFlow,,,,,40,nKa,nCl,-0.0318088558863176,-0.490726481600028
WorkFlow,,,,,40,nV,nKa,0.0290037763037521,-0.0318088558863176
WorkFlow,,,,,40,nV,nCl,0.0290037763037521,-0.490726481600028
WorkFlow,,,,,40,nCl,nKa,-0.490726481600028,-0.0318088558863176
WorkFlow,,,,,40,nCl,nV,-0.490726481600028,0.0290037763037521
WorkFlow,,,,,41,nKa,nV,0.0396094516689064,0.0743221799002166
WorkFlow,,,,,41,nKa,nCl,0.0396094516689064,0.35738395819267
WorkFlow,,,,,41,nV,nKa,0.0743221799002166,0.0396094516689064
WorkFlow,,,,,41,nV,nCl,0.0743221799002166,0.35738395819267
WorkFlow,,,,,41,nCl,nKa,0.35738395819267,0.0396094516689064
WorkFlow,,,,,41,nCl,nV,0.35738395819267,0.0743221799002166
WorkFlow,,,,,42,nKa,nV,0.00319741258907236,-0.120252945462025
WorkFlow,,,,,42,nKa,nCl,0.00319741258907236,-0.452106006779178
WorkFlow,,,,,42,nV,nKa,-0.120252945462025,0.00319741258907236
WorkFlow,,,,,42,nV,nCl,-0.120252945462025,-0.452106006779178
WorkFlow,,,,,42,nCl,nKa,-0.452106006779178,0.00319741258907236
WorkFlow,,,,,42,nCl,nV,-0.452106006779178,-0.120252945462025
WorkFlow,,,,,43,nKa,nV,0.0745673405667495,-0.0646416038374192
WorkFlow,,,,,43,nKa,nCl,0.0745673405667495,0.173499230882015
WorkFlow,,,,,43,nV,nKa,-0.0646416038374192,0.0745673405667495
WorkFlow,,,,,43,nV,nCl,-0.0646416038374192,0.173499230882015
WorkFlow,,,,,43,nCl,nKa,0.173499230882015,0.0745673405667495
WorkFlow,,,,,43,nCl,nV,0.173499230882015,-0.0646416038374192
WorkFlow,,,,,44,nKa,nV,-0.0672475515001152,0.0621758763804239
WorkFlow,,,,,44,nKa,nCl,-0.0672475515001152,0.0729616749292613
WorkFlow,,,,,44,nV,nKa,0.0621758763804239,-0.0672475515001152
WorkFlow,,,,,44,nV,nCl,0.0621758763804239,0.0729616749292613
WorkFlow,,,,,44,nCl,nKa,0.0729616749292613,-0.0672475515001152
WorkFlow,,,,,44,nCl,nV,0.0729616749292613,0.0621758763804239
WorkFlow,,,,,45,nKa,nV,0.109642453688168,0.126867585811028
WorkFlow,,,,,45,nKa,nCl,0.109642453688168,0.343601251061458
WorkFlow,,,,,45,nV,nKa,0.126867585811028,0.109642453688168
WorkFlow,,,,,45,nV,nCl,0.126867585811028,0.343601251061458
WorkFlow,,,,,45,nCl,nKa,0.343601251061458,0.109642453688168
WorkFlow,,,,,45,nCl,nV,0.343601251061458,0.126867585811028
WorkFlow,,,,,46,nKa,nV,0.0479567655520149,-0.209484665143617
WorkFlow,,,,,46,nKa,nCl,0.0479567655520149,0.332650572483334
WorkFlow,,,,,46,nV,nKa,-0.209484665143617,0.0479567655520149
WorkFlow,,,,,46,nV,nCl,-0.209484665143617,0.332650572483334
WorkFlow,,,,,46,nCl,nKa,0.332650572483334,0.0479567655520149
WorkFlow,,,,,46,nCl,nV,0.332650572483334,-0.209484665143617
WorkFlow,,,,,47,nKa,nV,-0.0587255763879747,0.61876855480029
WorkFlow,,,,,47,nKa,nCl,-0.0587255763879747,0.405374512775154
WorkFlow,,,,,47,nV,nKa,0.61876855480029,-0.0587255763879747
WorkFlow,,,,,47,nV,nCl,0.61876855480029,0.405374512775154
WorkFlow,,,,,47,nCl,nKa,0.405374512775154,-0.0587255763879747
WorkFlow,,,,,47,nCl,nV,0.405374512775154,0.61876855480029
WorkFlow,,,,,48,nKa,nV,-0.0604066948645153,-0.00798542320070273
WorkFlow,,,,,48,nKa,nCl,-0.0604066948645153,-0.174386036932588
WorkFlow,,,,,48,nV,nKa,-0.00798542320070273,-0.0604066948645153
WorkFlow,,,,,48,nV,nCl,-0.00798542320070273,-0.174386036932588
WorkFlow,,,,,48,nCl,nKa,-0.174386036932588,-0.0604066948645153
WorkFlow,,,,,48,nCl,nV,-0.174386036932588,-0.00798542320070273
WorkFlow,,,,,49,nKa,nV,0.0787065504374481,-0.247322140125487
WorkFlow,,,,,49,nKa,nCl,0.0787065504374481,0.137342517313969
WorkFlow,,,,,49,nV,nKa,-0.247322140125487,0.0787065504374481
WorkFlow,,,,,49,nV,nCl,-0.247322140125487,0.137342517313969
WorkFlow,,,,,49,nCl,nKa,0.137342517313969,0.0787065504374481
WorkFlow,,,,,49,nCl,nV,0.137342517313969,-0.247322140125487
WorkFlow,,,,,50,nKa,nV,0.0406892809266642,0.176847070557458
WorkFlow,,,,,50,nKa,nCl,0.0406892809266642,0.089148709732163
WorkFlow,,,,,50,nV,nKa,0.176847070557458,0.0406892809266642
WorkFlow,,,,,50,nV,nCl,0.176847070557458,0.089148709732163
WorkFlow,,,,,50,nCl,nKa,0.089148709732163,0.0406892809266642
WorkFlow,,,,,50,nCl,nV,0.089148709732163,0.176847070557458
WorkFlow,,,,,51,nKa,nV,0.0243761089356444,0.343223500995447
WorkFlow,,,,,51,nKa,nCl,0.0243761089356444,-0.296770080052077
WorkFlow,,,,,51,nV,nKa,0.343223500995447,0.0243761089356444
WorkFlow,,,,,51,nV,nCl,0.343223500995447,-0.296770080052077
WorkFlow,,,,,51,nCl,nKa,-0.296770080052077,0.0243761089356444
WorkFlow,,,,,51,nCl,nV,-0.296770080052077,0.343223500995447
WorkFlow,,,,,52,nKa,nV,0.186599533419241,-0.434238708508937
WorkFlow,,,,,52,nKa,nCl,0.186599533419241,-0.541186212761314
WorkFlow,,,,,52,nV,nKa,-0.434238708508937,0.186599533419241
WorkFlow,,,,,52,nV,nCl,-0.434238708508937,-0.541186212761314
WorkFlow,,,,,52,nCl,nKa,-0.541186212761314,0.186599533419241
WorkFlow,,,,,52,nCl,nV,-0.541186212761314,-0.434238708508937
WorkFlow,,,,,53,nKa,nV,-0.0613009442003499,-0.200881494265363
WorkFlow,,,,,53,nKa,nCl,-0.0613009442003499,0.372825199679884
WorkFlow,,,,,53,nV,nKa,-0.200881494265363,-0.0613009442003499
WorkFlow,,,,,53,nV,nCl,-0.200881494265363,0.372825199679884
WorkFlow,,,,,53,nCl,nKa,0.372825199679884,-0.0613009442003499
WorkFlow,,,,,53,nCl,nV,0.372825199679884,-0.200881494265363
WorkFlow,,,,,54,nKa,nV,0.118707603993375,-0.456634339902892
WorkFlow,,,,,54,nKa,nCl,0.118707603993375,-0.479900897692074
WorkFlow,,,,,54,nV,nKa,-0.456634339902892,0.118707603993375
WorkFlow,,,,,54,nV,nCl,-0.456634339902892,-0.479900897692074
WorkFlow,,,,,54,nCl,nKa,-0.479900897692074,0.118707603993375
WorkFlow,,,,,54,nCl,nV,-0.479900897692074,-0.456634339902892
WorkFlow,,,,,55,nKa,nV,0.0409783689497722,-0.0877429971041252
WorkFlow,,,,,55,nKa,nCl,0.0409783689497722,0.105420565086547
WorkFlow,,,,,55,nV,nKa,-0.0877429971041252,0.0409783689497722
WorkFlow,,,,,55,nV,nCl,-0.0877429971041252,0.105420565086547
WorkFlow,,,,,55,nCl,nKa,0.105420565086547,0.0409783689497722
WorkFlow,,,,,55,nCl,nV,0.105420565086547,-0.0877429971041252
WorkFlow,,,,,56,nKa,nV,-0.0850195047059233,0.69541534325275
WorkFlow,,,,,56,nKa,nCl,-0.0850195047059233,0.468921487860843
WorkFlow,,,,,56,nV,nKa,0.69541534325275,-0.0850195047059233
WorkFlow,,,,,56,nV,nCl,0.69541534325275,0.468921487860843
WorkFlow,,,,,56,nCl,nKa,0.468921487860843,-0.0850195047059233
WorkFlow,,,,,56,nCl,nV,0.468921487860843,0.69541534325275
WorkFlow,,,,,57,nKa,nV,-0.221056794657697,-0.247976144442472
WorkFlow,,,,,57,nKa,nCl,-0.221056794657697,-0.263911038285844
WorkFlow,,,,,57,nV,nKa,-0.247976144442472,-0.221056794657697
WorkFlow,,,,,57,nV,nCl,-0.247976144442472,-0.263911038285844
WorkFlow,,,,,57,nCl,nKa,-0.263911038285844,-0.221056794657697
WorkFlow,,,,,57,nCl,nV,-0.263911038285844,-0.247976144442472
WorkFlow,,,,,58,nKa,nV,-0.0514643171798962,0.182329954518758
WorkFlow,,,,,58,nKa,nCl,-0.0514643171798962,-0.244060881148004
WorkFlow,,,,,58,nV,nKa,0.182329954518758,-0.0514643171798962
WorkFlow,,,,,58,nV,nCl,0.182329954518758,-0.244060881148004
WorkFlow,,,,,58,nCl,nKa,-0.244060881148004,-0.0514643171798962
WorkFlow,,,,,58,nCl,nV,-0.244060881148004,0.182329954518758
WorkFlow,,,,,59,nKa,nV,-0.196685254278187,0.233581422568166
WorkFlow,,,,,59,nKa,nCl,-0.196685254278187,-0.252471953522526
WorkFlow,,,,,59,nV,nKa,0.233581422568166,-0.196685254278187
WorkFlow,,,,,59,nV,nCl,0.233581422568166,-0.252471953522526
WorkFlow,,,,,59,nCl,nKa,-0.252471953522526,-0.196685254278187
WorkFlow,,,,,59,nCl,nV,-0.252471953522526,0.233581422568166
WorkFlow,,,,,60,nKa,nV,-0.033827397985815,0.529262632843562
WorkFlow,,,,,60,nKa,nCl,-0.033827397985815,0.911905170170578
WorkFlow,,,,,60,nV,nKa,0.529262632843562,-0.033827397985815
WorkFlow,,,,,60,nV,nCl,0.529262632843562,0.911905170170578
WorkFlow,,,,,60,nCl,nKa,0.911905170170578,-0.033827397985815
WorkFlow,,,,,60,nCl,nV,0.911905170170578,0.529262632843562
WorkFlow,,,,,61,nKa,nV,-0.159952505095063,-0.0851135932751249
WorkFlow,,,,,61,nKa,nCl,-0.159952505095063,-0.336178622559083
WorkFlow,,,,,61,nV,nKa,-0.0851135932751249,-0.159952505095063
WorkFlow,,,,,61,nV,nCl,-0.0851135932751249,-0.336178622559083
WorkFlow,,,,,61,nCl,nKa,-0.336178622559083,-0.159952505095063
WorkFlow,,,,,61,nCl,nV,-0.336178622559083,-0.0851135932751249
WorkFlow,,,,,62,nKa,nV,-0.143729637264619,-0.452461069924617
WorkFlow,,,,,62,nKa,nCl,-0.143729637264619,-0.196739473390501
WorkFlow,,,,,62,nV,nKa,-0.452461069924617,-0.143729637264619
WorkFlow,,,,,62,nV,nCl,-0.452461069924617,-0.196739473390501
WorkFlow,,,,,62,nCl,nKa,-0.196739473390501,-0.143729637264619
WorkFlow,,,,,62,nCl,nV,-0.196739473390501,-0.452461069924617
WorkFlow,,,,,63,nKa,nV,0.388218854545846,0.0446096715765245
WorkFlow,,,,,63,nKa,nCl,0.388218854545846,0.158241009492089
WorkFlow,,,,,63,nV,nKa,0.0446096715765245,0.388218854545846
WorkFlow,,,,,63,nV,nCl,0.0446096715765245,0.158241009492089
WorkFlow,,,,,63,nCl,nKa,0.158241009492089,0.388218854545846
WorkFlow,,,,,63,nCl,nV,0.158241009492089,0.0446096715765245
WorkFlow,,,,,64,nKa,nV,-0.20087982639284,-0.0992283256713727
WorkFlow,,,,,64,nKa,nCl,-0.20087982639284,-1.10320979308075
WorkFlow,,,,,64,nV,nKa,-0.0992283256713727,-0.20087982639284
WorkFlow,,,,,64,nV,nCl,-0.0992283256713727,-1.10320979308075
WorkFlow,,,,,64,nCl,nKa,-1.10320979308075,-0.20087982639284
WorkFlow,,,,,64,nCl,nV,-1.10320979308075,-0.0992283256713727
WorkFlow,,,,,65,nKa,nV,-0.263476645597212,-0.442014853145472
WorkFlow,,,,,65,nKa,nCl,-0.263476645597212,-0.855540171915764
WorkFlow,,,,,65,nV,nKa,-0.442014853145472,-0.263476645597212
WorkFlow,,,,,65,nV,nCl,-0.442014853145472,-0.855540171915764
WorkFlow,,,,,65,nCl,nKa,-0.855540171915764,-0.263476645597212
WorkFlow,,,,,65,nCl,nV,-0.855540171915764,-0.442014853145472
WorkFlow,,,,,66,nKa,nV,0.387801220184134,-0.869631538309451
WorkFlow,,,,,66,nKa,nCl,0.387801220184134,-0.138972405270583
WorkFlow,,,,,66,nV,nKa,-0.869631538309451,0.387801220184134
WorkFlow,,,,,66,nV,nCl,-0.869631538309451,-0.138972405270583
WorkFlow,,,,,66,nCl,nKa,-0.138972405270583,0.387801220184134
WorkFlow,,,,,66,nCl,nV,-0.138972405270583,-0.869631538309451
WorkFlow,,,,,67,nKa,nV,0.442671877730076,-0.223553723552987
WorkFlow,,,,,67,nKa,nCl,0.442671877730076,0.605552028578824
WorkFlow,,,,,67,nV,nKa,-0.223553723552987,0.442671877730076
WorkFlow,,,,,67,nV,nCl,-0.223553723552987,0.605552028578824
WorkFlow,,,,,67,nCl,nKa,0.605552028578824,0.442671877730076
WorkFlow,,,,,67,nCl,nV,0.605552028578824,-0.223553723552987
WorkFlow,,,,,68,nKa,nV,0.258936510239401,-0.376224588070334
WorkFlow,,,,,68,nKa,nCl,0.258936510239401,-0.630129291227478
WorkFlow,,,,,68,nV,nKa,-0.376224588070334,0.258936510239401
WorkFlow,,,,,68,nV,nCl,-0.376224588070334,-0.630129291227478
WorkFlow,,,,,68,nCl,nKa,-0.630129291227478,0.258936510239401
WorkFlow,,,,,68,nCl,nV,-0.630129291227478,-0.376224588070334
WorkFlow,,,,,69,nKa,nV,-0.0482219563731588,0.45835590752872
WorkFlow,,,,,69,nKa,nCl,-0.0482219563731588,0.459269446889887
WorkFlow,,,,,69,nV,nKa,0.45835590752872,-0.0482219563731588
WorkFlow,,,,,69,nV,nCl,0.45835590752872,0.459269446889887
WorkFlow,,,,,69,nCl,nKa,0.459269446889887,-0.0482219563731588
WorkFlow,,,,,69,nCl,nV,0.459269446889887,0.45835590752872
WorkFlow,,,,,70,nKa,nV,0.269320129330667,-0.512750570478506
WorkFlow,,,,,70,nKa,nCl,0.269320129330667,-0.89974093762788
WorkFlow,,,,,70,nV,nKa,-0.512750570478506,0.269320129330667
WorkFlow,,,,,70,nV,nCl,-0.512750570478506,-0.89974093762788
WorkFlow,,,,,70,nCl,nKa,-0.89974093762788,0.269320129330667
WorkFlow,,,,,70,nCl,nV,-0.89974093762788,-0.512750570478506
WorkFlow,,,,,71,nKa,nV,-0.236245897737114,0.250795072349874
WorkFlow,,,,,71,nKa,nCl,-0.236245897737114,-0.533842857645607
WorkFlow,,,,,71,nV,nKa,0.250795072349874,-0.236245897737114
WorkFlow,,,,,71,nV,nCl,0.250795072349874,-0.533842857645607
WorkFlow,,,,,71,nCl,nKa,-0.533842857645607,-0.236245897737114
WorkFlow,,,,,71,nCl,nV,-0.533842857645607,0.250795072349874
WorkFlow,,,,,72,nKa,nV,0.154996908311887,-0.184920332810227
WorkFlow,,,,,72,nKa,nCl,0.154996908311887,0.789702287041486
WorkFlow,,,,,72,nV,nKa,-0.184920332810227,0.154996908311887
WorkFlow,,,,,72,nV,nCl,-0.184920332810227,0.789702287041486
WorkFlow,,,,,72,nCl,nKa,0.789702287041486,0.154996908311887
WorkFlow,,,,,72,nCl,nV,0.789702287041486,-0.184920332810227
WorkFlow,,,,,73,nKa,nV,-0.0597299340371963,0.274732554999024
WorkFlow,,,,,73,nKa,nCl,-0.0597299340371963,0.367718305256731
WorkFlow,,,,,73,nV,nKa,0.274732554999024,-0.0597299340371963
WorkFlow,,,,,73,nV,nCl,0.274732554999024,0.367718305256731
WorkFlow,,,,,73,nCl,nKa,0.367718305256731,-0.0597299340371963
WorkFlow,,,,,73,nCl,nV,0.367718305256731,0.274732554999024
WorkFlow,,,,,74,nKa,nV,-0.0161787208663401,-0.261515809834441
WorkFlow,,,,,74,nKa,nCl,-0.0161787208663401,-0.379615123344211
WorkFlow,,,,,74,nV,nKa,-0.261515809834441,-0.0161787208663401
WorkFlow,,,,,74,nV,nCl,-0.261515809834441,-0.379615123344211
WorkFlow,,,,,74,nCl,nKa,-0.379615123344211,-0.0161787208663401
WorkFlow,,,,,74,nCl,nV,-0.379615123344211,-0.261515809834441
WorkFlow,,,,,75,nKa,nV,-0.311656471305987,-0.766827180758046
WorkFlow,,,,,75,nKa,nCl,-0.311656471305987,-0.629218559917093
WorkFlow,,,,,75,nV,nKa,-0.766827180758046,-0.311656471305987
WorkFlow,,,,,75,nV,nCl,-0.766827180758046,-0.629218559917093
WorkFlow,,,,,75,nCl,nKa,-0.629218559917093,-0.311656471305987
WorkFlow,,,,,75,nCl,nV,-0.629218559917093,-0.766827180758046
WorkFlow,,,,,76,nKa,nV,0.237242918825315,-0.517097884241995
WorkFlow,,,,,76,nKa,nCl,0.237242918825315,-0.394906680167789
WorkFlow,,,,,76,nV,nKa,-0.517097884241995,0.237242918825315
WorkFlow,,,,,76,nV,nCl,-0.517097884241995,-0.394906680167789
WorkFlow,,,,,76,nCl,nKa,-0.394906680167789,0.237242918825315
WorkFlow,,,,,76,nCl,nV,-0.394906680167789,-0.517097884241995
WorkFlow,,,,,77,nKa,nV,-0.104631283823188,-0.664106878034966
WorkFlow,,,,,77,nKa,nCl,-0.104631283823188,-0.652248073229691
WorkFlow,,,,,77,nV,nKa,-0.664106878034966,-0.104631283823188
WorkFlow,,,,,77,nV,nCl,-0.664106878034966,-0.652248073229691
WorkFlow,,,,,77,nCl,nKa,-0.652248073229691,-0.104631283823188
WorkFlow,,,,,77,nCl,nV,-0.652248073229691,-0.664106878034966
WorkFlow,,,,,78,nKa,nV,-0.157008967570241,-0.577932536926368
WorkFlow,,,,,78,nKa,nCl,-0.157008967570241,0.016533411885063
WorkFlow,,,,,78,nV,nKa,-0.577932536926368,-0.157008967570241
WorkFlow,,,,,78,nV,nCl,-0.577932536926368,0.016533411885063
WorkFlow,,,,,78,nCl,nKa,0.016533411885063,-0.157008967570241
WorkFlow,,,,,78,nCl,nV,0.016533411885063,-0.577932536926368
WorkFlow,,,,,79,nKa,nV,-0.0459710342395593,0.232485611218654
WorkFlow,,,,,79,nKa,nCl,-0.0459710342395593,0.555155391231326
WorkFlow,,,,,79,nV,nKa,0.232485611218654,-0.0459710342395593
WorkFlow,,,,,79,nV,nCl,0.232485611218654,0.555155391231326
WorkFlow,,,,,79,nCl,nKa,0.555155391231326,-0.0459710342395593
WorkFlow,,,,,79,nCl,nV,0.555155391231326,0.232485611218654
WorkFlow,,,,,80,nKa,nV,-0.18930426523992,-0.17940591611652
WorkFlow,,,,,80,nKa,nCl,-0.18930426523992,-0.647898579636522
WorkFlow,,,,,80,nV,nKa,-0.17940591611652,-0.18930426523992
WorkFlow,,,,,80,nV,nCl,-0.17940591611652,-0.647898579636522
WorkFlow,,,,,80,nCl,nKa,-0.647898579636522,-0.18930426523992
WorkFlow,,,,,80,nCl,nV,-0.647898579636522,-0.17940591611652
WorkFlow,,,,,81,nKa,nV,-0.123188564901555,0.142557947090565
WorkFlow,,,,,81,nKa,nCl,-0.123188564901555,-0.0799984510698177
WorkFlow,,,,,81,nV,nKa,0.142557947090565,-0.123188564901555
WorkFlow,,,,,81,nV,nCl,0.142557947090565,-0.0799984510698177
WorkFlow,,,,,81,nCl,nKa,-0.0799984510698177,-0.123188564901555
WorkFlow,,,,,81,nCl,nV,-0.0799984510698177,0.142557947090565
WorkFlow,,,,,82,nKa,nV,0.244908801148333,0.0124572096298121
WorkFlow,,,,,82,nKa,nCl,0.244908801148333,0.0170990437588913
WorkFlow,,,,,82,nV,nKa,0.0124572096298121,0.244908801148333
WorkFlow,,,,,82,nV,nCl,0.0124572096298121,0.0170990437588913
WorkFlow,,,,,82,nCl,nKa,0.0170990437588913,0.244908801148333
WorkFlow,,,,,82,nCl,nV,0.0170990437588913,0.0124572096298121
WorkFlow,,,,,83,nKa,nV,0.0413923757354539,-0.0540614655917648
WorkFlow,,,,,83,nKa,nCl,0.0413923757354539,0.338603487361072
WorkFlow,,,,,83,nV,nKa,-0.0540614655917648,0.0413923757354539
WorkFlow,,,,,83,nV,nCl,-0.0540614655917648,0.338603487361072
WorkFlow,,,,,83,nCl,nKa,0.338603487361072,0.0413923757354539
WorkFlow,,,,,83,nCl,nV,0.338603487361072,-0.0540614655917648
WorkFlow,,,,,84,nKa,nV,0.0292915838688483,-0.313312151105896
WorkFlow,,,,,84,nKa,nCl,0.0292915838688483,-0.0158576049575564
WorkFlow,,,,,84,nV,nKa,-0.313312151105896,0.0292915838688483
WorkFlow,,,,,84,nV,nCl,-0.313312151105896,-0.0158576049575564
WorkFlow,,,,,84,nCl,nKa,-0.0158576049575564,0.0292915838688483
WorkFlow,,,,,84,nCl,nV,-0.0158576049575564,-0.313312151105896
WorkFlow,,,,,85,nKa,nV,-0.0351897027963115,-0.64138588963363
WorkFlow,,,,,85,nKa,nCl,-0.0351897027963115,0.39182663526299
WorkFlow,,,,,85,nV,nKa,-0.64138588963363,-0.0351897027963115
WorkFlow,,,,,85,nV,nCl,-0.64138588963363,0.39182663526299
WorkFlow,,,,,85,nCl,nKa,0.39182663526299,-0.0351897027963115
WorkFlow,,,,,85,nCl,nV,0.39182663526299,-0.64138588963363
WorkFlow,,,,,86,nKa,nV,-0.0808327485516057,-0.936033704392862
WorkFlow,,,,,86,nKa,nCl,-0.0808327485516057,-1.2074652396059
WorkFlow,,,,,86,nV,nKa,-0.936033704392862,-0.0808327485516057
WorkFlow,,,,,86,nV,nCl,-0.936033704392862,-1.2074652396059
WorkFlow,,,,,86,nCl,nKa,-1.2074652396059,-0.0808327485516057
WorkFlow,,,,,86,nCl,nV,-1.2074652396059,-0.936033704392862
WorkFlow,,,,,87,nKa,nV,-0.134539439671984,-0.071835857577856
WorkFlow,,,,,87,nKa,nCl,-0.134539439671984,-0.200410437474424
WorkFlow,,,,,87,nV,nKa,-0.071835857577856,-0.134539439671984
WorkFlow,,,,,87,nV,nCl,-0.071835857577856,-0.200410437474424
WorkFlow,,,,,87,nCl,nKa,-0.200410437474424,-0.134539439671984
WorkFlow,,,,,87,nCl,nV,-0.200410437474424,-0.071835857577856
WorkFlow,,,,,88,nKa,nV,-0.063889834687524,-0.0328504847171048
WorkFlow,,,,,88,nKa,nCl,-0.063889834687524,-0.233102121670319
WorkFlow,,,,,88,nV,nKa,-0.0328504847171048,-0.063889834687524
WorkFlow,,,,,88,nV,nCl,-0.0328504847171048,-0.233102121670319
WorkFlow,,,,,88,nCl,nKa,-0.233102121670319,-0.063889834687524
WorkFlow,,,,,88,nCl,nV,-0.233102121670319,-0.0328504847171048
WorkFlow,,,,,89,nKa,nV,-0.284538576702425,0.0578301101236459
WorkFlow,,,,,89,nKa,nCl,-0.284538576702425,-0.0576102826030509
WorkFlow,,,,,89,nV,nKa,0.0578301101236459,-0.284538576702425
WorkFlow,,,,,89,nV,nCl,0.0578301101236459,-0.0576102826030509
WorkFlow,,,,,89,nCl,nKa,-0.0576102826030509,-0.284538576702425
WorkFlow,,,,,89,nCl,nV,-0.0576102826030509,0.0578301101236459
WorkFlow,,,,,90,nKa,nV,-0.0382537463450868,0.0674927465851109
WorkFlow,,,,,90,nKa,nCl,-0.0382537463450868,-0.61663765746621
WorkFlow,,,,,90,nV,nKa,0.0674927465851109,-0.0382537463450868
WorkFlow,,,,,90,nV,nCl,0.0674927465851109,-0.61663765746621
WorkFlow,,,,,90,nCl,nKa,-0.61663765746621,-0.0382537463450868
WorkFlow,,,,,90,nCl,nV,-0.61663765746621,0.0674927465851109
WorkFlow,,,,,91,nKa,nV,0.103672648755857,0.0982093524498094
WorkFlow,,,,,91,nKa,nCl,0.103672648755857,0.41513286572207
WorkFlow,,,,,91,nV,nKa,0.0982093524498094,0.103672648755857
WorkFlow,,,,,91,nV,nCl,0.0982093524498094,0.41513286572207
WorkFlow,,,,,91,nCl,nKa,0.41513286572207,0.103672648755857
WorkFlow,,,,,91,nCl,nV,0.41513286572207,0.0982093524498094
WorkFlow,,,,,92,nKa,nV,0.00247124552951317,-0.10771277167548
WorkFlow,,,,,92,nKa,nCl,0.00247124552951317,-0.585405985323693
WorkFlow,,,,,92,nV,nKa,-0.10771277167548,0.00247124552951317
WorkFlow,,,,,92,nV,nCl,-0.10771277167548,-0.585405985323693
WorkFlow,,,,,92,nCl,nKa,-0.585405985323693,0.00247124552951317
WorkFlow,,,,,92,nCl,nV,-0.585405985323693,-0.10771277167548
WorkFlow,,,,,93,nKa,nV,0.137701352274381,-0.042434818236912
WorkFlow,,,,,93,nKa,nCl,0.137701352274381,0.145455342254525
WorkFlow,,,,,93,nV,nKa,-0.042434818236912,0.137701352274381
WorkFlow,,,,,93,nV,nCl,-0.042434818236912,0.145455342254525
WorkFlow,,,,,93,nCl,nKa,0.145455342254525,0.137701352274381
WorkFlow,,,,,93,nCl,nV,0.145455342254525,-0.042434818236912
WorkFlow,,,,,94,nKa,nV,-0.140247343196448,0.0391270748658162
WorkFlow,,,,,94,nKa,nCl,-0.140247343196448,0.128572497957974
WorkFlow,,,,,94,nV,nKa,0.0391270748658162,-0.140247343196448
WorkFlow,,,,,94,nV,nCl,0.0391270748658162,0.128572497957974
WorkFlow,,,,,94,nCl,nKa,0.128572497957974,-0.140247343196448
WorkFlow,,,,,94,nCl,nV,0.128572497957974,0.0391270748658162
WorkFlow,,,,,95,nKa,nV,0.267012395500112,0.159059029405198
WorkFlow,,,,,95,nKa,nCl,0.267012395500112,0.409241530212485
WorkFlow,,,,,95,nV,nKa,0.159059029405198,0.267012395500112
WorkFlow,,,,,95,nV,nCl,0.159059029405198,0.409241530212485
WorkFlow,,,,,95,nCl,nKa,0.409241530212485,0.267012395500112
WorkFlow,,,,,95,nCl,nV,0.409241530212485,0.159059029405198
WorkFlow,,,,,96,nKa,nV,0.0156332223673395,-0.247682143928778
WorkFlow,,,,,96,nKa,nCl,0.0156332223673395,0.420509782465433
WorkFlow,,,,,96,nV,nKa,-0.247682143928778,0.0156332223673395
WorkFlow,,,,,96,nV,nCl,-0.247682143928778,0.420509782465433
WorkFlow,,,,,96,nCl,nKa,0.420509782465433,0.0156332223673395
WorkFlow,,,,,96,nCl,nV,0.420509782465433,-0.247682143928778
WorkFlow,,,,,97,nKa,nV,-0.0963835945745077,0.85588841781205
WorkFlow,,,,,97,nKa,nCl,-0.0963835945745077,0.547920301130926
WorkFlow,,,,,97,nV,nKa,0.85588841781205,-0.0963835945745077
WorkFlow,,,,,97,nV,nCl,0.85588841781205,0.547920301130926
WorkFlow,,,,,97,nCl,nKa,0.547920301130926,-0.0963835945745077
WorkFlow,,,,,97,nCl,nV,0.547920301130926,0.85588841781205
WorkFlow,,,,,98,nKa,nV,-0.196649551473747,-0.0636787192211229
WorkFlow,,,,,98,nKa,nCl,-0.196649551473747,-0.151072288681807
WorkFlow,,,,,98,nV,nKa,-0.0636787192211229,-0.196649551473747
WorkFlow,,,,,98,nV,nCl,-0.0636787192211229,-0.151072288681807
WorkFlow,,,,,98,nCl,nKa,-0.151072288681807,-0.196649551473747
WorkFlow,,,,,98,nCl,nV,-0.151072288681807,-0.0636787192211229
WorkFlow,,,,,99,nKa,nV,0.110232629416194,-0.254416002302645
WorkFlow,,,,,99,nKa,nCl,0.110232629416194,0.138367285640478
WorkFlow,,,,,99,nV,nKa,-0.254416002302645,0.110232629416194
WorkFlow,,,,,99,nV,nCl,-0.254416002302645,0.138367285640478
WorkFlow,,,,,99,nCl,nKa,0.138367285640478,0.110232629416194
WorkFlow,,,,,99,nCl,nV,0.138367285640478,-0.254416002302645
WorkFlow,,,,,100,nKa,nV,0.153902062008912,0.224876468295007
WorkFlow,,,,,100,nKa,nCl,0.153902062008912,0.0452755076808604
WorkFlow,,,,,100,nV,nKa,0.224876468295007,0.153902062008912
WorkFlow,,,,,100,nV,nCl,0.224876468295007,0.0452755076808604
WorkFlow,,,,,100,nCl,nKa,0.0452755076808604,0.153902062008912
WorkFlow,,,,,100,nCl,nV,0.0452755076808604,0.224876468295007
WorkFlow,,,,,101,nKa,nV,0.0463562541312721,0.64196996052816
WorkFlow,,,,,101,nKa,nCl,0.0463562541312721,-0.0804681908397601
WorkFlow,,,,,101,nV,nKa,0.64196996052816,0.0463562541312721
WorkFlow,,,,,101,nV,nCl,0.64196996052816,-0.0804681908397601
WorkFlow,,,,,101,nCl,nKa,-0.0804681908397601,0.0463562541312721
WorkFlow,,,,,101,nCl,nV,-0.0804681908397601,0.64196996052816
WorkFlow,,,,,102,nKa,nV,0.195468649715922,-0.158230136184935
WorkFlow,,,,,102,nKa,nCl,0.195468649715922,-0.246950978540338
WorkFlow,,,,,102,nV,nKa,-0.158230136184935,0.195468649715922
WorkFlow,,,,,102,nV,nCl,-0.158230136184935,-0.246950978540338
WorkFlow,,,,,102,nCl,nKa,-0.246950978540338,0.195468649715922
WorkFlow,,,,,102,nCl,nV,-0.246950978540338,-0.158230136184935
WorkFlow,,,,,103,nKa,nV,-0.130778777644172,0.0437449915485018
WorkFlow,,,,,103,nKa,nCl,-0.130778777644172,0.686983332400139
WorkFlow,,,,,103,nV,nKa,0.0437449915485018,-0.130778777644172
WorkFlow,,,,,103,nV,nCl,0.0437449915485018,0.686983332400139
WorkFlow,,,,,103,nCl,nKa,0.686983332400139,-0.130778777644172
WorkFlow,,,,,103,nCl,nV,0.686983332400139,0.0437449915485018
WorkFlow,,,,,104,nKa,nV,0.15683671979229,-0.160077747778829
WorkFlow,,,,,104,nKa,nCl,0.15683671979229,-0.233967232341927
WorkFlow,,,,,104,nV,nKa,-0.160077747778829,0.15683671979229
WorkFlow,,,,,104,nV,nCl,-0.160077747778829,-0.233967232341927
WorkFlow,,,,,104,nCl,nKa,-0.233967232341927,0.15683671979229
WorkFlow,,,,,104,nCl,nV,-0.233967232341927,-0.160077747778829
WorkFlow,,,,,105,nKa,nV,0.0492142848764517,0.171597481984107
WorkFlow,,,,,105,nKa,nCl,0.0492142848764517,0.404870969102769
WorkFlow,,,,,105,nV,nKa,0.171597481984107,0.0492142848764517
WorkFlow,,,,,105,nV,nCl,0.171597481984107,0.404870969102769
WorkFlow,,,,,105,nCl,nKa,0.404870969102769,0.0492142848764517
WorkFlow,,,,,105,nCl,nV,0.404870969102769,0.171597481984107
WorkFlow,,,,,106,nKa,nV,-0.134169506395797,1.02883932407117
WorkFlow,,,,,106,nKa,nCl,-0.134169506395797,0.697284103504169
WorkFlow,,,,,106,nV,nKa,1.02883932407117,-0.134169506395797
WorkFlow,,,,,106,nV,nCl,1.02883932407117,0.697284103504169
WorkFlow,,,,,106,nCl,nKa,0.697284103504169,-0.134169506395797
WorkFlow,,,,,106,nCl,nV,0.697284103504169,1.02883932407117
WorkFlow,,,,,107,nKa,nV,-0.2954769851633,0.00311524176056983
WorkFlow,,,,,107,nKa,nCl,-0.2954769851633,0.0228253096080442
WorkFlow,,,,,107,nV,nKa,0.00311524176056983,-0.2954769851633
WorkFlow,,,,,107,nV,nCl,0.00311524176056983,0.0228253096080442
WorkFlow,,,,,107,nCl,nKa,0.0228253096080442,-0.2954769851633
WorkFlow,,,,,107,nCl,nV,0.0228253096080442,0.00311524176056983
WorkFlow,,,,,108,nKa,nV,-0.0504810498676253,0.458999234037948
WorkFlow,,,,,108,nKa,nCl,-0.0504810498676253,-0.0135602151574383
WorkFlow,,,,,108,nV,nKa,0.458999234037948,-0.0504810498676253
WorkFlow,,,,,108,nV,nCl,0.458999234037948,-0.0135602151574383
WorkFlow,,,,,108,nCl,nKa,-0.0135602151574383,-0.0504810498676253
WorkFlow,,,,,108,nCl,nV,-0.0135602151574383,0.458999234037948
WorkFlow,,,,,109,nKa,nV,-0.316506573001519,0.499133241208525
WorkFlow,,,,,109,nKa,nCl,-0.316506573001519,-0.0291234968169801
WorkFlow,,,,,109,nV,nKa,0.499133241208525,-0.316506573001519
WorkFlow,,,,,109,nV,nCl,0.499133241208525,-0.0291234968169801
WorkFlow,,,,,109,nCl,nKa,-0.0291234968169801,-0.316506573001519
WorkFlow,,,,,109,nCl,nV,-0.0291234968169801,0.499133241208525
WorkFlow,,,,,110,nKa,nV,-0.00677909527549158,0.827698150553984
WorkFlow,,,,,110,nKa,nCl,-0.00677909527549158,1.27069596568505
WorkFlow,,,,,110,nV,nKa,0.827698150553984,-0.00677909527549158
WorkFlow,,,,,110,nV,nCl,0.827698150553984,1.27069596568505
WorkFlow,,,,,110,nCl,nKa,1.27069596568505,-0.00677909527549158
WorkFlow,,,,,110,nCl,nV,1.27069596568505,0.827698150553984
WorkFlow,,,,,111,nKa,nV,-0.179395873401485,0.2050909427937
WorkFlow,,,,,111,nKa,nCl,-0.179395873401485,-0.0647128882374751
WorkFlow,,,,,111,nV,nKa,0.2050909427937,-0.179395873401485
WorkFlow,,,,,111,nV,nCl,0.2050909427937,-0.0647128882374751
WorkFlow,,,,,111,nCl,nKa,-0.0647128882374751,-0.179395873401485
WorkFlow,,,,,111,nCl,nV,-0.0647128882374751,0.2050909427937
WorkFlow,,,,,112,nKa,nV,-0.1586252097339,-0.172844767406725
WorkFlow,,,,,112,nKa,nCl,-0.1586252097339,0.0927636788628818
WorkFlow,,,,,112,nV,nKa,-0.172844767406725,-0.1586252097339
WorkFlow,,,,,112,nV,nCl,-0.172844767406725,0.0927636788628818
WorkFlow,,,,,112,nCl,nKa,0.0927636788628818,-0.1586252097339
WorkFlow,,,,,112,nCl,nV,0.0927636788628818,-0.172844767406725
WorkFlow,,,,,113,nKa,nV,0.570270751989486,0.389131164238729
WorkFlow,,,,,113,nKa,nCl,0.570270751989486,0.413060193025091
WorkFlow,,,,,113,nV,nKa,0.389131164238729,0.570270751989486
WorkFlow,,,,,113,nV,nCl,0.389131164238729,0.413060193025091
WorkFlow,,,,,113,nCl,nKa,0.413060193025091,0.570270751989486
WorkFlow,,,,,113,nCl,nV,0.413060193025091,0.389131164238729
WorkFlow,,,,,114,nKa,nV,-0.239753865931621,0.186494164416739
WorkFlow,,,,,114,nKa,nCl,-0.239753865931621,-0.904752467620498
WorkFlow,,,,,114,nV,nKa,0.186494164416739,-0.239753865931621
WorkFlow,,,,,114,nV,nCl,0.186494164416739,-0.904752467620498
WorkFlow,,,,,114,nCl,nKa,-0.904752467620498,-0.239753865931621
WorkFlow,,,,,114,nCl,nV,-0.904752467620498,0.186494164416739
WorkFlow,,,,,115,nKa,nV,-0.337643223330878,-0.179926161204691
WorkFlow,,,,,115,nKa,nCl,-0.337643223330878,-0.550311831951149
WorkFlow,,,,,115,nV,nKa,-0.179926161204691,-0.337643223330878
WorkFlow,,,,,115,nV,nCl,-0.179926161204691,-0.550311831951149
WorkFlow,,,,,115,nCl,nKa,-0.550311831951149,-0.337643223330878
WorkFlow,,,,,115,nCl,nV,-0.550311831951149,-0.179926161204691
WorkFlow,,,,,116,nKa,nV,0.37670948960801,-0.583451993246717
WorkFlow,,,,,116,nKa,nCl,0.37670948960801,0.142153136589593
WorkFlow,,,,,116,nV,nKa,-0.583451993246717,0.37670948960801
WorkFlow,,,,,116,nV,nCl,-0.583451993246717,0.142153136589593
WorkFlow,,,,,116,nCl,nKa,0.142153136589593,0.37670948960801
WorkFlow,,,,,116,nCl,nV,0.142153136589593,-0.583451993246717
WorkFlow,,,,,117,nKa,nV,0.605636790801747,0.113353633799813
WorkFlow,,,,,117,nKa,nCl,0.605636790801747,0.872792820219536
WorkFlow,,,,,117,nV,nKa,0.113353633799813,0.605636790801747
WorkFlow,,,,,117,nV,nCl,0.113353633799813,0.872792820219536
WorkFlow,,,,,117,nCl,nKa,0.872792820219536,0.605636790801747
WorkFlow,,,,,117,nCl,nV,0.872792820219536,0.113353633799813
WorkFlow,,,,,118,nKa,nV,0.293487132768049,-0.0822022040585899
WorkFlow,,,,,118,nKa,nCl,0.293487132768049,-0.378510290740462
WorkFlow,,,,,118,nV,nKa,-0.0822022040585899,0.293487132768049
WorkFlow,,,,,118,nV,nCl,-0.0822022040585899,-0.378510290740462
WorkFlow,,,,,118,nCl,nKa,-0.378510290740462,0.293487132768049
WorkFlow,,,,,118,nCl,nV,-0.378510290740462,-0.0822022040585899
WorkFlow,,,,,119,nKa,nV,-0.0565983860788979,0.738675658199097
WorkFlow,,,,,119,nKa,nCl,-0.0565983860788979,0.748674398698848
WorkFlow,,,,,119,nV,nKa,0.738675658199097,-0.0565983860788979
WorkFlow,,,,,119,nV,nCl,0.738675658199097,0.748674398698848
WorkFlow,,,,,119,nCl,nKa,0.748674398698848,-0.0565983860788979
WorkFlow,,,,,119,nCl,nV,0.748674398698848,0.738675658199097
WorkFlow,,,,,120,nKa,nV,0.313774313442945,-0.226781371364319
WorkFlow,,,,,120,nKa,nCl,0.313774313442945,-0.624779966115457
WorkFlow,,,,,120,nV,nKa,-0.226781371364319,0.313774313442945
WorkFlow,,,,,120,nV,nCl,-0.226781371364319,-0.624779966115457
WorkFlow,,,,,120,nCl,nKa,-0.624779966115457,0.313774313442945
WorkFlow,,,,,120,nCl,nV,-0.624779966115457,-0.226781371364319
WorkFlow,,,,,121,nKa,nV,-0.334536080463141,0.512812665384425
WorkFlow,,,,,121,nKa,nCl,-0.334536080463141,-0.291900791967621
WorkFlow,,,,,121,nV,nKa,0.512812665384425,-0.334536080463141
WorkFlow,,,,,121,nV,nCl,0.512812665384425,-0.291900791967621
WorkFlow,,,,,121,nCl,nKa,-0.291900791967621,-0.334536080463141
WorkFlow,,,,,121,nCl,nV,-0.291900791967621,0.512812665384425
WorkFlow,,,,,122,nKa,nV,0.174426166400119,0.0926411396404753
WorkFlow,,,,,122,nKa,nCl,0.174426166400119,1.08371727043443
WorkFlow,,,,,122,nV,nKa,0.0926411396404753,0.174426166400119
WorkFlow,,,,,122,nV,nCl,0.0926411396404753,1.08371727043443
WorkFlow,,,,,122,nCl,nKa,1.08371727043443,0.174426166400119
WorkFlow,,,,,122,nCl,nV,1.08371727043443,0.0926411396404753
WorkFlow,,,,,123,nKa,nV,-0.10471161858936,0.560477701087451
WorkFlow,,,,,123,nKa,nCl,-0.10471161858936,0.695380430728066
WorkFlow,,,,,123,nV,nKa,0.560477701087451,-0.10471161858936
WorkFlow,,,,,123,nV,nCl,0.560477701087451,0.695380430728066
WorkFlow,,,,,123,nCl,nKa,0.695380430728066,-0.10471161858936
WorkFlow,,,,,123,nCl,nV,0.695380430728066,0.560477701087451
WorkFlow,,,,,124,nKa,nV,-0.0372910321597108,0.0372865372268107
WorkFlow,,,,,124,nKa,nCl,-0.0372910321597108,-0.107516556981862
WorkFlow,,,,,124,nV,nKa,0.0372865372268107,-0.0372910321597108
WorkFlow,,,,,124,nV,nCl,0.0372865372268107,-0.107516556981862
WorkFlow,,,,,124,nCl,nKa,-0.107516556981862,-0.0372910321597108
WorkFlow,,,,,124,nCl,nV,-0.107516556981862,0.0372865372268107
WorkFlow,,,,,125,nKa,nV,-0.397889765668846,-0.520968515563812
WorkFlow,,,,,125,nKa,nCl,-0.397889765668846,-0.327862157869994
WorkFlow,,,,,125,nV,nKa,-0.520968515563812,-0.397889765668846
WorkFlow,,,,,125,nV,nCl,-0.520968515563812,-0.327862157869994
WorkFlow,,,,,125,nCl,nKa,-0.327862157869994,-0.397889765668846
WorkFlow,,,,,125,nCl,nV,-0.327862157869994,-0.520968515563812
WorkFlow,,,,,126,nKa,nV,0.285437984752976,-0.219516848196766
WorkFlow,,,,,126,nKa,nCl,0.285437984752976,-0.125035908481232
WorkFlow,,,,,126,nV,nKa,-0.219516848196766,0.285437984752976
WorkFlow,,,,,126,nV,nCl,-0.219516848196766,-0.125035908481232
WorkFlow,,,,,126,nCl,nKa,-0.125035908481232,0.285437984752976
WorkFlow,,,,,126,nCl,nV,-0.125035908481232,-0.219516848196766
WorkFlow,,,,,127,nKa,nV,-0.138917133509699,-0.378819884771308
WorkFlow,,,,,127,nKa,nCl,-0.138917133509699,-0.378601264898838
WorkFlow,,,,,127,nV,nKa,-0.378819884771308,-0.138917133509699
WorkFlow,,,,,127,nV,nCl,-0.378819884771308,-0.378601264898838
WorkFlow,,,,,127,nCl,nKa,-0.378601264898838,-0.138917133509699
WorkFlow,,,,,127,nCl,nV,-0.378601264898838,-0.378819884771308
WorkFlow,,,,,128,nKa,nV,-0.256036012144753,-0.341494196464655
WorkFlow,,,,,128,nKa,nCl,-0.256036012144753,0.320847048863724
WorkFlow,,,,,128,nV,nKa,-0.341494196464655,-0.256036012144753
WorkFlow,,,,,128,nV,nCl,-0.341494196464655,0.320847048863724
WorkFlow,,,,,128,nCl,nKa,0.320847048863724,-0.256036012144753
WorkFlow,,,,,128,nCl,nV,0.320847048863724,-0.341494196464655
WorkFlow,,,,,129,nKa,nV,-0.0748300946009391,0.526955916795086
WorkFlow,,,,,129,nKa,nCl,-0.0748300946009391,0.84771734533639
WorkFlow,,,,,129,nV,nKa,0.526955916795086,-0.0748300946009391
WorkFlow,,,,,129,nV,nCl,0.526955916795086,0.84771734533639
WorkFlow,,,,,129,nCl,nKa,0.84771734533639,-0.0748300946009391
WorkFlow,,,,,129,nCl,nV,0.84771734533639,0.526955916795086
WorkFlow,,,,,130,nKa,nV,-0.20091571878537,0.0976477631604543
WorkFlow,,,,,130,nKa,nCl,-0.20091571878537,-0.37588416721631
WorkFlow,,,,,130,nV,nKa,0.0976477631604543,-0.20091571878537
WorkFlow,,,,,130,nV,nCl,0.0976477631604543,-0.37588416721631
WorkFlow,,,,,130,nCl,nKa,-0.37588416721631,-0.20091571878537
WorkFlow,,,,,130,nCl,nV,-0.37588416721631,0.0976477631604543
WorkFlow,,,,,131,nKa,nV,-0.236696029115224,0.366542698086902
WorkFlow,,,,,131,nKa,nCl,-0.236696029115224,0.232930027122459
WorkFlow,,,,,131,nV,nKa,0.366542698086902,-0.236696029115224
WorkFlow,,,,,131,nV,nCl,0.366542698086902,0.232930027122459
WorkFlow,,,,,131,nCl,nKa,0.232930027122459,-0.236696029115224
WorkFlow,,,,,131,nCl,nV,0.232930027122459,0.366542698086902
WorkFlow,,,,,132,nKa,nV,0.324352806442023,0.297186144906457
WorkFlow,,,,,132,nKa,nCl,0.324352806442023,0.316577915529583
WorkFlow,,,,,132,nV,nKa,0.297186144906457,0.324352806442023
WorkFlow,,,,,132,nV,nCl,0.297186144906457,0.316577915529583
WorkFlow,,,,,132,nCl,nKa,0.316577915529583,0.324352806442023
WorkFlow,,,,,132,nCl,nV,0.316577915529583,0.297186144906457
WorkFlow,,,,,133,nKa,nV,-0.00512640015626087,0.206205491656839
WorkFlow,,,,,133,nKa,nCl,-0.00512640015626087,0.631548447005219
WorkFlow,,,,,133,nV,nKa,0.206205491656839,-0.00512640015626087
WorkFlow,,,,,133,nV,nCl,0.206205491656839,0.631548447005219
WorkFlow,,,,,133,nCl,nKa,0.631548447005219,-0.00512640015626087
WorkFlow,,,,,133,nCl,nV,0.631548447005219,0.206205491656839
WorkFlow,,,,,134,nKa,nV,-0.0136807184141223,-0.0431312350480451
WorkFlow,,,,,134,nKa,nCl,-0.0136807184141223,0.282567649693123
WorkFlow,,,,,134,nV,nKa,-0.0431312350480451,-0.0136807184141223
WorkFlow,,,,,134,nV,nCl,-0.0431312350480451,0.282567649693123
WorkFlow,,,,,134,nCl,nKa,0.282567649693123,-0.0136807184141223
WorkFlow,,,,,134,nCl,nV,0.282567649693123,-0.0431312350480451
WorkFlow,,,,,135,nKa,nV,-0.135110447712697,-0.442989601444342
WorkFlow,,,,,135,nKa,nCl,-0.135110447712697,0.715536266699863
WorkFlow,,,,,135,nV,nKa,-0.442989601444342,-0.135110447712697
WorkFlow,,,,,135,nV,nCl,-0.442989601444342,0.715536266699863
WorkFlow,,,,,135,nCl,nKa,0.715536266699863,-0.135110447712697
WorkFlow,,,,,135,nCl,nV,0.715536266699863,-0.442989601444342
WorkFlow,,,,,136,nKa,nV,-0.0937355654289604,-0.654810594108464
WorkFlow,,,,,136,nKa,nCl,-0.0937355654289604,-0.914919077818568
WorkFlow,,,,,136,nV,nKa,-0.654810594108464,-0.0937355654289604
WorkFlow,,,,,136,nV,nCl,-0.654810594108464,-0.914919077818568
WorkFlow,,,,,136,nCl,nKa,-0.914919077818568,-0.0937355654289604
WorkFlow,,,,,136,nCl,nV,-0.914919077818568,-0.654810594108464
WorkFlow,,,,,137,nKa,nV,-0.195406635590739,0.184147013780633
WorkFlow,,,,,137,nKa,nCl,-0.195406635590739,0.110416188402142
WorkFlow,,,,,137,nV,nKa,0.184147013780633,-0.195406635590739
WorkFlow,,,,,137,nV,nCl,0.184147013780633,0.110416188402142
WorkFlow,,,,,137,nCl,nKa,0.110416188402142,-0.195406635590739
WorkFlow,,,,,137,nCl,nV,0.110416188402142,0.184147013780633
WorkFlow,,,,,138,nKa,nV,-0.0826160294237278,0.244296576312422
WorkFlow,,,,,138,nKa,nCl,-0.0826160294237278,0.0489822229845475
WorkFlow,,,,,138,nV,nKa,0.244296576312422,-0.0826160294237278
WorkFlow,,,,,138,nV,nCl,0.244296576312422,0.0489822229845475
WorkFlow,,,,,138,nCl,nKa,0.0489822229845475,-0.0826160294237278
WorkFlow,,,,,138,nCl,nV,0.0489822229845475,0.244296576312422
WorkFlow,,,,,139,nKa,nV,-0.387265366271854,0.310840565007298
WorkFlow,,,,,139,nKa,nCl,-0.387265366271854,0.222947978195886
WorkFlow,,,,,139,nV,nKa,0.310840565007298,-0.387265366271854
WorkFlow,,,,,139,nV,nCl,0.310840565007298,0.222947978195886
WorkFlow,,,,,139,nCl,nKa,0.222947978195886,-0.387265366271854
WorkFlow,,,,,139,nCl,nV,0.222947978195886,0.310840565007298
WorkFlow,,,,,140,nKa,nV,-0.0700958231369611,0.367489657816027
WorkFlow,,,,,140,nKa,nCl,-0.0700958231369611,-0.458033105344199
WorkFlow,,,,,140,nV,nKa,0.367489657816027,-0.0700958231369611
WorkFlow,,,,,140,nV,nCl,0.367489657816027,-0.458033105344199
WorkFlow,,,,,140,nCl,nKa,-0.458033105344199,-0.0700958231369611
WorkFlow,,,,,140,nCl,nV,-0.458033105344199,0.367489657816027
WorkFlow,,,,,141,nKa,nV,0.164908166117185,0.396833112498588
WorkFlow,,,,,141,nKa,nCl,0.164908166117185,0.689289423262011
WorkFlow,,,,,141,nV,nKa,0.396833112498588,0.164908166117185
WorkFlow,,,,,141,nV,nCl,0.396833112498588,0.689289423262011
WorkFlow,,,,,141,nCl,nKa,0.689289423262011,0.164908166117185
WorkFlow,,,,,141,nCl,nV,0.689289423262011,0.396833112498588
WorkFlow,,,,,142,nKa,nV,0.023349713584688,0.193525256213398
WorkFlow,,,,,142,nKa,nCl,0.023349713584688,-0.312922995414319
WorkFlow,,,,,142,nV,nKa,0.193525256213398,0.023349713584688
WorkFlow,,,,,142,nV,nCl,0.193525256213398,-0.312922995414319
WorkFlow,,,,,142,nCl,nKa,-0.312922995414319,0.023349713584688
WorkFlow,,,,,142,nCl,nV,-0.312922995414319,0.193525256213398
WorkFlow,,,,,143,nKa,nV,0.191015941824562,0.258327669935236
WorkFlow,,,,,143,nKa,nCl,0.191015941824562,0.405534942598084
WorkFlow,,,,,143,nV,nKa,0.258327669935236,0.191015941824562
WorkFlow,,,,,143,nV,nCl,0.258327669935236,0.405534942598084
WorkFlow,,,,,143,nCl,nKa,0.405534942598084,0.191015941824562
WorkFlow,,,,,143,nCl,nV,0.405534942598084,0.258327669935236
WorkFlow,,,,,144,nKa,nV,-0.240947685073761,0.287430149179775
WorkFlow,,,,,144,nKa,nCl,-0.240947685073761,0.45119701802803
WorkFlow,,,,,144,nV,nKa,0.287430149179775,-0.240947685073761
WorkFlow,,,,,144,nV,nCl,0.287430149179775,0.45119701802803
WorkFlow,,,,,144,nCl,nKa,0.45119701802803,-0.240947685073761
WorkFlow,,,,,144,nCl,nV,0.45119701802803,0.287430149179775
WorkFlow,,,,,145,nKa,nV,0.390582370125717,0.482624739533743
WorkFlow,,,,,145,nKa,nCl,0.390582370125717,0.718365154931862
WorkFlow,,,,,145,nV,nKa,0.482624739533743,0.390582370125717
WorkFlow,,,,,145,nV,nCl,0.482624739533743,0.718365154931862
WorkFlow,,,,,145,nCl,nKa,0.718365154931862,0.390582370125717
WorkFlow,,,,,145,nCl,nV,0.718365154931862,0.482624739533743
WorkFlow,,,,,146,nKa,nV,-0.0688021102391734,-0.00525027273458382
WorkFlow,,,,,146,nKa,nCl,-0.0688021102391734,0.733738250243071
WorkFlow,,,,,146,nV,nKa,-0.00525027273458382,-0.0688021102391734
WorkFlow,,,,,146,nV,nCl,-0.00525027273458382,0.733738250243071
WorkFlow,,,,,146,nCl,nKa,0.733738250243071,-0.0688021102391734
WorkFlow,,,,,146,nCl,nV,0.733738250243071,-0.00525027273458382
WorkFlow,,,,,147,nKa,nV,-0.141089864895927,1.19622626700092
WorkFlow,,,,,147,nKa,nCl,-0.141089864895927,0.931472223021745
WorkFlow,,,,,147,nV,nKa,1.19622626700092,-0.141089864895927
WorkFlow,,,,,147,nV,nCl,1.19622626700092,0.931472223021745
WorkFlow,,,,,147,nCl,nKa,0.931472223021745,-0.141089864895927
WorkFlow,,,,,147,nCl,nV,0.931472223021745,1.19622626700092
WorkFlow,,,,,148,nKa,nV,-0.317499487703639,0.180870587113993
WorkFlow,,,,,148,nKa,nCl,-0.317499487703639,0.120497903292194
WorkFlow,,,,,148,nV,nKa,0.180870587113993,-0.317499487703639
WorkFlow,,,,,148,nV,nCl,0.180870587113993,0.120497903292194
WorkFlow,,,,,148,nCl,nKa,0.120497903292194,-0.317499487703639
WorkFlow,,,,,148,nCl,nV,0.120497903292194,0.180870587113993
WorkFlow,,,,,149,nKa,nV,0.16696920058276,0.0573831442118091
WorkFlow,,,,,149,nKa,nCl,0.16696920058276,0.414069158832295
WorkFlow,,,,,149,nV,nKa,0.0573831442118091,0.16696920058276
WorkFlow,,,,,149,nV,nCl,0.0573831442118091,0.414069158832295
WorkFlow,,,,,149,nCl,nKa,0.414069158832295,0.16696920058276
WorkFlow,,,,,149,nCl,nV,0.414069158832295,0.0573831442118091
WorkFlow,,,,,150,nKa,nV,0.219811756021277,0.539805404187053
WorkFlow,,,,,150,nKa,nCl,0.219811756021277,0.349439284029188
WorkFlow,,,,,150,nV,nKa,0.539805404187053,0.219811756021277
WorkFlow,,,,,150,nV,nCl,0.539805404187053,0.349439284029188
WorkFlow,,,,,150,nCl,nKa,0.349439284029188,0.219811756021277
WorkFlow,,,,,150,nCl,nV,0.349439284029188,0.539805404187053
